{
    "mae": 0.025813531130552292,
    "mse": 0.001491307164542377,
    "rmse": 0.03021720051765442,
    "mape": 12246.5322265625,
    "mase": 3.332307815551758
}