{
    "mae": 0.01671496033668518,
    "mse": 0.0008803344680927694,
    "rmse": 0.01886276714503765,
    "mape": 5326.05224609375,
    "mase": 2.157759428024292
}