{
    "mae": 0.01642676070332527,
    "mse": 0.000900308892596513,
    "rmse": 0.018396345898509026,
    "mape": 3838.5595703125,
    "mase": 2.1205556392669678
}