{
    "mae": 0.019960341975092888,
    "mse": 0.0012786990264430642,
    "rmse": 0.022452548146247864,
    "mape": 5617.87255859375,
    "mase": 2.5767109394073486
}