{
    "mae": 0.01940508745610714,
    "mse": 0.0011170244542881846,
    "rmse": 0.022480910643935204,
    "mape": 6199.2099609375,
    "mase": 2.505032539367676
}