{
    "mae": 0.019036823883652687,
    "mse": 0.0011411701561883092,
    "rmse": 0.021164141595363617,
    "mape": 7967.64013671875,
    "mase": 2.4574923515319824
}