{
    "mae": 0.009177488274872303,
    "mse": 0.0001768553483998403,
    "rmse": 0.009177488274872303,
    "mape": 6182.4697265625,
    "mase": 33.439613342285156
}