{
    "mae": 0.011189688928425312,
    "mse": 0.00021157096489332616,
    "rmse": 0.011189688928425312,
    "mape": 860.6594848632812,
    "mase": 33.531211853027344
}