{
    "mae": 0.01245622057467699,
    "mse": 0.0004036548489239067,
    "rmse": 0.01245622057467699,
    "mape": 14515.5673828125,
    "mase": 33.24182891845703
}