{
    "mae": 0.008653176948428154,
    "mse": 0.00020516240329016,
    "rmse": 0.008653176948428154,
    "mape": 11859.9853515625,
    "mase": 33.37940216064453
}