{
    "mae": 0.008111893199384212,
    "mse": 0.00018198060570284724,
    "rmse": 0.008111893199384212,
    "mape": 6319.7587890625,
    "mase": 33.45307922363281
}