{
    "mae": 0.053911492228507996,
    "mse": 0.007253111805766821,
    "rmse": 0.06703230738639832,
    "mape": 1353.00048828125,
    "mase": 6.861217975616455
}