{
    "mae": 0.053903963416814804,
    "mse": 0.006232185754925013,
    "rmse": 0.06002746894955635,
    "mape": 588.8297119140625,
    "mase": 6.860260009765625
}