{
    "mae": 0.25824543833732605,
    "mse": 0.1444966197013855,
    "rmse": 0.3613499701023102,
    "mape": 169953.6875,
    "mase": 32.91350173950195
}