{
    "mae": 0.013087588362395763,
    "mse": 0.00030041721765883267,
    "rmse": 0.013087588362395763,
    "mape": 1105.43994140625,
    "mase": 33.33747482299805
}