{
    "mae": 0.015328195877373219,
    "mse": 0.00036100693978369236,
    "rmse": 0.015328195877373219,
    "mape": 933.8289794921875,
    "mase": 33.45549774169922
}