{
    "mae": 0.012907643802464008,
    "mse": 0.00027319262153469026,
    "rmse": 0.012907643802464008,
    "mape": 1278.84423828125,
    "mase": 33.42036819458008
}