{
    "mae": 0.25937578082084656,
    "mse": 0.14521846175193787,
    "rmse": 0.3630927503108978,
    "mape": 168946.75,
    "mase": 33.05757141113281
}