{
    "mae": 0.008013922721147537,
    "mse": 0.00016783346654847264,
    "rmse": 0.008013922721147537,
    "mape": 2115.56982421875,
    "mase": 33.44099426269531
}