{
    "mae": 0.011759097687900066,
    "mse": 0.00031820646836422384,
    "rmse": 0.011759097687900066,
    "mape": 16903.478515625,
    "mase": 33.26958465576172
}