{
    "mae": 0.011767198331654072,
    "mse": 0.00031561488867737353,
    "rmse": 0.011767198331654072,
    "mape": 14897.7119140625,
    "mase": 33.2975959777832
}