{
    "mae": 0.010428124107420444,
    "mse": 0.0002587540657259524,
    "rmse": 0.010428124107420444,
    "mape": 16944.62109375,
    "mase": 33.33293151855469
}