{
    "mae": 0.06645394116640091,
    "mse": 0.010405405424535275,
    "rmse": 0.07576454430818558,
    "mape": 828.3088989257812,
    "mase": 8.457473754882812
}