{
    "mae": 0.07341954857110977,
    "mse": 0.012028145603835583,
    "rmse": 0.08157887309789658,
    "mape": 932.6015014648438,
    "mase": 9.343975067138672
}