{
    "mae": 0.007846185006201267,
    "mse": 0.0002373478200752288,
    "rmse": 0.015406097285449505,
    "mape": 71.68989562988281,
    "mase": 0.9992976784706116
}