{
    "mae": 0.035246841609478,
    "mse": 0.0033161279279738665,
    "rmse": 0.04056071862578392,
    "mape": 13106.3291015625,
    "mase": 4.550069332122803
}