{
    "mae": 0.01906733587384224,
    "mse": 0.0012886327458545566,
    "rmse": 0.02098296582698822,
    "mape": 2510.93212890625,
    "mase": 2.4614315032958984
}