{
    "mae": 0.03133091330528259,
    "mse": 0.00294099492020905,
    "rmse": 0.034806765615940094,
    "mape": 20226.51171875,
    "mase": 4.044556140899658
}