{
    "mae": 0.024963954463601112,
    "mse": 0.002152862260118127,
    "rmse": 0.027279866859316826,
    "mape": 10710.384765625,
    "mase": 3.222635507583618
}