{
    "mae": 0.03374170511960983,
    "mse": 0.003635992296040058,
    "rmse": 0.03623086214065552,
    "mape": 20297.2890625,
    "mase": 4.355768203735352
}