{
    "mae": 0.03084755130112171,
    "mse": 0.003104780102148652,
    "rmse": 0.03392436355352402,
    "mape": 12122.212890625,
    "mase": 3.9821574687957764
}